Text,Date,Time,Picture Url 1,Picture Url 2,Picture Url 3,Picture Url 4,Picture Url 5,Picture Url 6,Picture Url 7,Picture Url 8,Picture Url 9,Picture Url 10,Twitter,Facebook,Facebook Post Type,Instagram,Instagram Post Type,Linkedin,Pinterest,Pinterest Board,Pinterest Title,Pinterest Link,Tiktok,Google My Business,Google My Business Post Type,Youtube,Youtube Title,Youtube Category,Youtube Privacy,Youtube Made For Kids
"",2026-09-16,13:00:00,https://raw.githubusercontent.com/danielchaconfoster-cmyk/metal-creativo/main/public/historias/historia_01_taller_soldadura.jpeg,,,,,,,,,,FALSE,FALSE,,TRUE,STORY,FALSE,FALSE,,,,FALSE,FALSE,,FALSE,,,,
"",2026-09-16,19:30:00,https://raw.githubusercontent.com/danielchaconfoster-cmyk/metal-creativo/main/public/historias/historia_02_lanza_3_tramos.jpeg,,,,,,,,,,FALSE,FALSE,,TRUE,STORY,FALSE,FALSE,,,,FALSE,FALSE,,FALSE,,,,
"",2026-09-17,13:00:00,https://raw.githubusercontent.com/danielchaconfoster-cmyk/metal-creativo/main/public/historias/historia_03_lanza_ensamblada_vertical.jpeg,,,,,,,,,,FALSE,FALSE,,TRUE,STORY,FALSE,FALSE,,,,FALSE,FALSE,,FALSE,,,,
"",2026-09-17,19:30:00,https://raw.githubusercontent.com/danielchaconfoster-cmyk/metal-creativo/main/public/historias/historia_04_lanza_ensamblada_mesa.jpeg,,,,,,,,,,FALSE,FALSE,,TRUE,STORY,FALSE,FALSE,,,,FALSE,FALSE,,FALSE,,,,
"",2026-09-18,13:00:00,https://raw.githubusercontent.com/danielchaconfoster-cmyk/metal-creativo/main/public/historias/historia_05_fabricacion_artesanal.jpeg,,,,,,,,,,FALSE,FALSE,,TRUE,STORY,FALSE,FALSE,,,,FALSE,FALSE,,FALSE,,,,
"",2026-09-18,19:30:00,https://raw.githubusercontent.com/danielchaconfoster-cmyk/metal-creativo/main/public/historias/historia_06_piezas_desarmadas_detalle.jpeg,,,,,,,,,,FALSE,FALSE,,TRUE,STORY,FALSE,FALSE,,,,FALSE,FALSE,,FALSE,,,,
"",2026-09-19,13:00:00,https://raw.githubusercontent.com/danielchaconfoster-cmyk/metal-creativo/main/public/historias/historia_07_despachos_clientes_auto.jpeg,,,,,,,,,,FALSE,FALSE,,TRUE,STORY,FALSE,FALSE,,,,FALSE,FALSE,,FALSE,,,,
"",2026-09-19,19:30:00,https://raw.githubusercontent.com/danielchaconfoster-cmyk/metal-creativo/main/public/historias/historia_08_perspectiva_lanza_larga.jpeg,,,,,,,,,,FALSE,FALSE,,TRUE,STORY,FALSE,FALSE,,,,FALSE,FALSE,,FALSE,,,,
"",2026-09-20,13:00:00,https://raw.githubusercontent.com/danielchaconfoster-cmyk/metal-creativo/main/public/historias/historia_09_pasadores_seguridad_cadenas.jpeg,,,,,,,,,,FALSE,FALSE,,TRUE,STORY,FALSE,FALSE,,,,FALSE,FALSE,,FALSE,,,,
"",2026-09-20,19:30:00,https://raw.githubusercontent.com/danielchaconfoster-cmyk/metal-creativo/main/public/historias/historia_10_lanza_completa_certificada.jpeg,,,,,,,,,,FALSE,FALSE,,TRUE,STORY,FALSE,FALSE,,,,FALSE,FALSE,,FALSE,,,,